<?xml version="1.0" encoding="utf-8" standalone="yes" ?>
<rss version="2.0" xmlns:atom="http://www.w3.org/2005/Atom">
  <channel>
    <title>Tags on DevOps Blog</title>
    <link>/tags/</link>
    <description>Recent content in Tags on DevOps Blog</description>
    <generator>Hugo -- gohugo.io</generator>
    <lastBuildDate>Fri, 01 Feb 2019 00:00:00 +0000</lastBuildDate>
    
	<atom:link href="/tags/index.xml" rel="self" type="application/rss+xml" />
    
    
    <item>
      <title>Code</title>
      <link>/tags/code/</link>
      <pubDate>Fri, 01 Feb 2019 00:00:00 +0000</pubDate>
      
      <guid>/tags/code/</guid>
      <description></description>
    </item>
    
    <item>
      <title>Kubernetes</title>
      <link>/tags/kubernetes/</link>
      <pubDate>Fri, 01 Feb 2019 00:00:00 +0000</pubDate>
      
      <guid>/tags/kubernetes/</guid>
      <description></description>
    </item>
    
  </channel>
</rss>