<?xml version="1.0" encoding="utf-8" standalone="yes" ?>
<rss version="2.0" xmlns:atom="http://www.w3.org/2005/Atom">
  <channel>
    <title>Code on DevOps Blog</title>
    <link>/tags/code/</link>
    <description>Recent content in Code on DevOps Blog</description>
    <generator>Hugo -- gohugo.io</generator>
    <lastBuildDate>Fri, 01 Feb 2019 00:00:00 +0000</lastBuildDate>
    
	<atom:link href="/tags/code/index.xml" rel="self" type="application/rss+xml" />
    
    
    <item>
      <title>First Kubernetes Deployment</title>
      <link>/post/2019-02-01-kubernetes-deployment/</link>
      <pubDate>Fri, 01 Feb 2019 00:00:00 +0000</pubDate>
      
      <guid>/post/2019-02-01-kubernetes-deployment/</guid>
      <description>&lt;p&gt;First application on Kubernetes using Kubernetes deployments&lt;/p&gt;</description>
    </item>
    
  </channel>
</rss>